Name,Email,Phone
Hellen Glen,hellenglen@helpinghands.cm,676543452
Vince Marry,vincemarry@helpinghands.cm,674563452
Liz Lum,lizlum@helpinghands.cm,653557452
Lum Syndy,lumsyndy@helpinghands.cm,665433452
Harry Paul,harrypaul@helpinghands.cm,676543785
Eddyson Hobs,eddysonhobs@helpinghands.cm,668763452
Tomas Macus,tomasmacus@helpinghands.cm,654557452
Syndy Lum ,syndylum@helpinghands.cm,656433452
Glen Vinson,glenvinson@helpinghands.cm,676678552
Pafe Eddy,pafeeddy@helpinghands.cm,687933452
Kingsley Andy,kingsleyandy@helpinghands.cm,686547452
George Kapstone,georgekapstone@helpinghands.cm,678653452
Handy Phillips,handyphillips@helpinghands.cm,687543765
Hobs Perfect,hobsperfect@helpinghands.cm,652763452
Macus Johnson,macusjohnson@helpinghands.cm,678657452
Glory Peace,glorypeace@helpinghands.cm,684533452
Thombson Callep,thombsoncallep@helpinghands.cm,676763452
Johnson Macus ,johnsonmacus @helpinghands.cm,667657452
Peace Glory,peaceglory@helpinghands.cm,696533452
